-- MySQL dump 10.13  Distrib 8.0.28, for Linux (x86_64)
--
-- Host: localhost    Database: Films
-- ------------------------------------------------------
-- Server version	8.0.28-0ubuntu0.20.04.3

/*!40101 SET @OLD_CHARACTER_SET_CLIENT=@@CHARACTER_SET_CLIENT */;
/*!40101 SET @OLD_CHARACTER_SET_RESULTS=@@CHARACTER_SET_RESULTS */;
/*!40101 SET @OLD_COLLATION_CONNECTION=@@COLLATION_CONNECTION */;
/*!50503 SET NAMES utf8mb4 */;
/*!40103 SET @OLD_TIME_ZONE=@@TIME_ZONE */;
/*!40103 SET TIME_ZONE='+00:00' */;
/*!40014 SET @OLD_UNIQUE_CHECKS=@@UNIQUE_CHECKS, UNIQUE_CHECKS=0 */;
/*!40014 SET @OLD_FOREIGN_KEY_CHECKS=@@FOREIGN_KEY_CHECKS, FOREIGN_KEY_CHECKS=0 */;
/*!40101 SET @OLD_SQL_MODE=@@SQL_MODE, SQL_MODE='NO_AUTO_VALUE_ON_ZERO' */;
/*!40111 SET @OLD_SQL_NOTES=@@SQL_NOTES, SQL_NOTES=0 */;

--
-- Table structure for table `Actors`
--

DROP TABLE IF EXISTS `Actors`;
/*!40101 SET @saved_cs_client     = @@character_set_client */;
/*!50503 SET character_set_client = utf8mb4 */;
CREATE TABLE `Actors` (
  `id` int unsigned NOT NULL AUTO_INCREMENT,
  `name` varchar(20) DEFAULT NULL,
  `surname` varchar(20) DEFAULT NULL,
  `age` int DEFAULT NULL,
  `id_film` int DEFAULT NULL,
  UNIQUE KEY `id` (`id`)
) ENGINE=InnoDB AUTO_INCREMENT=11 DEFAULT CHARSET=utf8mb4 COLLATE=utf8mb4_0900_ai_ci;
/*!40101 SET character_set_client = @saved_cs_client */;

--
-- Dumping data for table `Actors`
--

LOCK TABLES `Actors` WRITE;
/*!40000 ALTER TABLE `Actors` DISABLE KEYS */;
INSERT INTO `Actors` VALUES (1,'Tom','Cruise',59,1),(2,'James','Franco',43,3),(3,'Adam','Sandler',55,2),(4,'Anthony','Mackie',43,3),(5,'Mary','Jane',35,5),(6,'Ann','Heatway',49,1),(7,'Bill','Smith',44,3),(8,'Alice','Wonder',40,5),(9,'Allen','Gays',55,2),(10,'Winny','Wong',36,4);
/*!40000 ALTER TABLE `Actors` ENABLE KEYS */;
UNLOCK TABLES;

--
-- Table structure for table `Directors`
--

DROP TABLE IF EXISTS `Directors`;
/*!40101 SET @saved_cs_client     = @@character_set_client */;
/*!50503 SET character_set_client = utf8mb4 */;
CREATE TABLE `Directors` (
  `id` int unsigned NOT NULL AUTO_INCREMENT,
  `name` varchar(20) DEFAULT NULL,
  `surname` varchar(20) DEFAULT NULL,
  `is_famous` tinyint(1) DEFAULT NULL,
  UNIQUE KEY `id` (`id`)
) ENGINE=InnoDB AUTO_INCREMENT=6 DEFAULT CHARSET=utf8mb4 COLLATE=utf8mb4_0900_ai_ci;
/*!40101 SET character_set_client = @saved_cs_client */;

--
-- Dumping data for table `Directors`
--

LOCK TABLES `Directors` WRITE;
/*!40000 ALTER TABLE `Directors` DISABLE KEYS */;
INSERT INTO `Directors` VALUES (1,'David','Lynch',1),(2,'Guillermo','del Toro',1),(3,'GAsghar','Farhadi',0),(4,'Pedro','Almodóvar',0),(5,'Denis','Oliver',1);
/*!40000 ALTER TABLE `Directors` ENABLE KEYS */;
UNLOCK TABLES;

--
-- Table structure for table `Films`
--

DROP TABLE IF EXISTS `Films`;
/*!40101 SET @saved_cs_client     = @@character_set_client */;
/*!50503 SET character_set_client = utf8mb4 */;
CREATE TABLE `Films` (
  `id` int unsigned NOT NULL AUTO_INCREMENT,
  `name` varchar(40) DEFAULT NULL,
  `release_date` int DEFAULT NULL,
  `id_director` int DEFAULT NULL,
  UNIQUE KEY `id` (`id`)
) ENGINE=InnoDB AUTO_INCREMENT=6 DEFAULT CHARSET=utf8mb4 COLLATE=utf8mb4_0900_ai_ci;
/*!40101 SET character_set_client = @saved_cs_client */;

--
-- Dumping data for table `Films`
--

LOCK TABLES `Films` WRITE;
/*!40000 ALTER TABLE `Films` DISABLE KEYS */;
INSERT INTO `Films` VALUES (1,'Soul',2020,2),(2,'The Power of the Dog',2022,5),(3,'The Invisible Man',2020,1),(4,'Dune',2022,4),(5,'Blonde',2019,3);
/*!40000 ALTER TABLE `Films` ENABLE KEYS */;
UNLOCK TABLES;
/*!40103 SET TIME_ZONE=@OLD_TIME_ZONE */;

/*!40101 SET SQL_MODE=@OLD_SQL_MODE */;
/*!40014 SET FOREIGN_KEY_CHECKS=@OLD_FOREIGN_KEY_CHECKS */;
/*!40014 SET UNIQUE_CHECKS=@OLD_UNIQUE_CHECKS */;
/*!40101 SET CHARACTER_SET_CLIENT=@OLD_CHARACTER_SET_CLIENT */;
/*!40101 SET CHARACTER_SET_RESULTS=@OLD_CHARACTER_SET_RESULTS */;
/*!40101 SET COLLATION_CONNECTION=@OLD_COLLATION_CONNECTION */;
/*!40111 SET SQL_NOTES=@OLD_SQL_NOTES */;

-- Dump completed on 2022-04-16 11:46:38
